Tiempo,Temperatura
0,0
1,293.34999999999997
2,293.34999999999997
3,293.34999999999997
4,293.34999999999997
5,293.34999999999997
